Selection,View,Channel,Begin Time (s),End Time (s),Low Freq (Hz),High Freq (Hz),SNR,Score
1,Spectrogram 1,10,188.8115124,190.5857788,37.74834437,208.6092715,-0.043244,0.226431
2,Spectrogram 1,10,235.7556433,237.1602709,77.48344371,216.5562914,8.617308,8.719699
3,Spectrogram 1,10,398.6924379,400.1709932,45.69536424,208.6092715,1.027507,0.904671
4,Spectrogram 1,10,438.9091422,440.3137698,61.58940397,240.397351,13.298551,12.337561
5,Spectrogram 1,10,451.0517777,452.2715858,37.74834437,216.5562914,1.124023,1.541182
6,Spectrogram 1,10,565.3810666,566.6748025,61.58940397,244.3708609,3.694674,2.788249
7,Spectrogram 1,10,567.6358634,568.8926354,73.50993377,228.4768212,2.105342,2.803514
8,Spectrogram 1,10,547.3426919,548.5625,97.35099338,244.3708609,4.153696,4.548393
9,Spectrogram 1,10,549.0430305,550.447658,53.64238411,156.9536424,-0.36322,3.205082
10,Spectrogram 1,10,632.1193567,633.3761287,89.40397351,204.6357616,8.80396,8.642623
11,Spectrogram 1,10,637.2203725,638.4401806,73.50993377,244.3708609,10.83785,9.785661
12,Spectrogram 1,10,642.5616535,643.9293172,87.41721854,266.2251656,0.249817,9.952953
13,Spectrogram 1,10,645.8884029,647.5148138,101.3245033,276.1589404,-6.334522,3.288466
14,Spectrogram 1,10,654.0204571,655.6838318,65.56291391,288.0794702,7.724119,6.808308
15,Spectrogram 1,10,672.8165914,674.0733634,49.66887417,236.4238411,3.641462,6.139194
16,Spectrogram 1,10,712.7930305,713.6431998,25.82781457,212.5827815,0.511158,3.819416
17,Spectrogram 1,10,735.1746614,736.246614,69.53642384,216.5562914,2.221734,2.02984
18,Spectrogram 1,10,711.7210779,712.9778499,81.45695364,212.5827815,-2.747739,2.616264
19,Spectrogram 1,10,749.8308409,751.050649,73.50993377,224.5033113,2.00636,1.562679
20,Spectrogram 1,10,784.5953725,785.9260722,81.45695364,220.5298013,1.033034,0.88161
21,Spectrogram 1,10,858.6525113,860.315886,53.64238411,284.1059603,7.706584,8.071982
22,Spectrogram 1,10,890.2935948,892.2896445,73.50993377,288.0794702,6.705012,9.281829
23,Spectrogram 1,10,895.0988995,896.4665632,85.43046358,252.3178808,4.878082,7.313491
24,Spectrogram 1,10,938.3281603,939.8436795,85.43046358,268.2119205,7.44382,7.660169
25,Spectrogram 1,10,1014.58465,1015.841422,93.37748344,300,9.674626,9.448567
26,Spectrogram 1,10,1061.89842,1063.266084,137.0860927,300,2.568061,3.755214
27,Spectrogram 1,10,1162.772856,1163.9557,77.48344371,232.4503311,10.414041,9.959405
28,Spectrogram 1,10,1171.089729,1172.679176,57.61589404,224.5033113,10.098974,10.758621
29,Spectrogram 1,10,1224.576467,1225.574492,85.43046358,268.2119205,-6.925293,2.494666
30,Spectrogram 1,10,1235.351439,1236.571247,77.48344371,212.5827815,-1.205588,-0.1794
31,Spectrogram 1,10,1268.48956,1269.450621,85.43046358,216.5562914,1.928957,1.607243
32,Spectrogram 1,10,1288.246755,1289.72531,53.64238411,252.3178808,9.366583,8.981579
33,Spectrogram 1,10,1294.050085,1295.565604,53.64238411,260.2649007,9.020344,8.388242
34,Spectrogram 1,10,1299.372884,1300.740547,45.69536424,248.3443709,10.641493,10.526932
35,Spectrogram 1,10,1316.801354,1317.762415,53.64238411,224.5033113,2.273892,2.294351
36,Spectrogram 1,10,1347.906462,1349.274125,61.58940397,240.397351,4.009595,3.527455
37,Spectrogram 1,10,1369.290068,1370.435948,73.50993377,248.3443709,9.209186,9.280888
38,Spectrogram 1,10,1373.762698,1375.056433,61.58940397,256.2913907,8.536495,8.980537
39,Spectrogram 1,10,1379.067015,1380.730389,73.50993377,268.2119205,5.068034,4.190521
40,Spectrogram 1,10,1397.031462,1398.694836,57.61589404,228.4768212,9.580801,9.076858
41,Spectrogram 1,10,1384.685525,1385.757477,61.58940397,228.4768212,1.593571,1.43778
42,Spectrogram 1,10,1402.206405,1403.352286,93.37748344,208.6092715,9.718275,10.171832
43,Spectrogram 1,10,1404.719949,1405.976721,77.48344371,216.5562914,8.285634,8.125575
44,Spectrogram 1,10,1428.838883,1430.354402,77.48344371,292.0529801,4.045173,9.309494
45,Spectrogram 1,10,1441.535976,1442.460073,81.45695364,232.4503311,12.087171,11.194278
46,Spectrogram 1,10,1443.790773,1444.89969,89.40397351,252.3178808,1.636741,1.364415
47,Spectrogram 1,10,1463.695824,1465.063488,73.50993377,272.1854305,0.949829,1.349813
48,Spectrogram 1,10,1507.424097,1508.533014,65.56291391,260.2649007,4.515811,4.85406
49,Spectrogram 1,10,1524.723194,1526.645316,57.61589404,256.2913907,2.250527,2.182948
50,Spectrogram 1,10,1548.324633,1549.988008,41.7218543,280.1324503,8.100517,8.232309
51,Spectrogram 1,10,1696.1432,1697.695683,45.69536424,272.1854305,2.510286,2.501422
52,Spectrogram 1,10,1855.882619,1857.435102,89.40397351,292.0529801,0.801696,0.876738
53,Spectrogram 1,10,1949.807844,1951.360327,65.56291391,236.4238411,3.631017,3.136689
54,Spectrogram 1,10,1968.881208,1970.174944,73.50993377,236.4238411,10.911425,11.008931
55,Spectrogram 1,10,2275.810807,2276.919723,37.74834437,184.7682119,0.435868,0.385081
56,Spectrogram 1,10,2440.022856,2441.2057,53.64238411,192.7152318,0.908784,0.771047
57,Spectrogram 1,10,2526.333521,2527.996896,57.61589404,272.1854305,3.906868,3.835512
58,Spectrogram 1,10,2628.205982,2629.610609,65.56291391,232.4503311,2.014411,1.911014
59,Spectrogram 1,10,2623.80728,2625.064052,77.48344371,256.2913907,1.867893,2.055646
60,Spectrogram 1,10,2658.128245,2660.27215,49.66887417,200.6622517,2.67618,2.155396
61,Spectrogram 1,10,2758.337331,2759.446247,53.64238411,236.4238411,1.365093,1.605978
62,Spectrogram 1,10,2816.01947,2817.350169,61.58940397,220.5298013,1.236675,0.995544
63,Spectrogram 1,10,2877.786117,2879.597348,53.64238411,248.3443709,-3.011248,-0.2121
64,Spectrogram 1,10,2894.771021,2896.47136,49.66887417,184.7682119,1.492677,1.211499
65,Spectrogram 1,10,3135.627681,3136.995344,57.61589404,220.5298013,7.839728,8.0342
66,Spectrogram 1,10,3170.613995,3171.944695,69.53642384,200.6622517,9.928323,10.363922
67,Spectrogram 1,10,3175.012698,3176.713036,89.40397351,248.3443709,7.627439,7.769227
68,Spectrogram 1,10,3235.651947,3237.093538,69.53642384,244.3708609,11.400099,13.008828
69,Spectrogram 1,10,3241.67706,3242.82294,89.40397351,188.7417219,3.86952,2.554717
70,Spectrogram 1,10,3244.855954,3246.112726,85.43046358,192.7152318,1.830786,2.746268
71,Spectrogram 1,10,3257.146445,3258.588036,61.58940397,244.3708609,12.984438,13.304059
72,Spectrogram 1,10,3267.311512,3268.383465,101.3245033,192.7152318,10.280554,10.567069
73,Spectrogram 1,10,3279.029063,3280.101016,49.66887417,184.7682119,10.827795,10.716003
74,Spectrogram 1,10,3281.635017,3282.854825,49.66887417,172.8476821,2.417925,2.679408
75,Spectrogram 1,10,3313.775113,3315.401524,73.50993377,248.3443709,12.245609,11.899375
76,Spectrogram 1,10,3318.98702,3320.243792,97.35099338,156.9536424,7.525542,7.554665
77,Spectrogram 1,10,3360.571388,3362.01298,69.53642384,232.4503311,13.500602,13.195967
78,Spectrogram 1,10,3371.143059,3372.288939,85.43046358,220.5298013,8.244743,8.945388
79,Spectrogram 1,10,3375.356941,3376.39193,97.35099338,268.2119205,3.181213,5.947794
80,Spectrogram 1,10,3377.389955,3378.646727,77.48344371,220.5298013,1.432191,2.047807
81,Spectrogram 1,10,3390.493651,3392.19399,73.50993377,228.4768212,11.73396,11.969476
82,Spectrogram 1,10,3397.516789,3398.662669,65.56291391,188.7417219,1.791771,1.196232
83,Spectrogram 1,10,3428.640378,3430.155897,77.48344371,232.4503311,9.394472,8.598312
84,Spectrogram 1,10,3456.677483,3458.193002,65.56291391,256.2913907,13.128684,12.432539
85,Spectrogram 1,10,3468.727709,3469.725734,61.58940397,180.794702,5.610303,5.807594
86,Spectrogram 1,10,3460.07816,3461.334932,101.3245033,176.8211921,-5.177826,4.000396
87,Spectrogram 1,10,3482.489,3483.565156,74.21875,204.9382716,11.511798,11.321908
88,Spectrogram 1,10,3498.041,3499.101155,105.46875,214.8148148,4.018595,4.539492
89,Spectrogram 1,10,3507.881742,3509.964781,76.54320988,303.7037037,4.416717,4.237685
90,Spectrogram 1,10,3515.2575,3516.2815,89.84375,193.47255,6.790762,7.182888
91,Spectrogram 1,10,3518.470523,3519.743491,101.2345679,234.5679012,6.931283,7.080852
92,Spectrogram 1,10,3536.812837,3538.375117,56.79012346,195.0617284,11.693296,11.542057
93,Spectrogram 1,10,3543.799697,3545.448769,76.54320988,274.0740741,11.617253,11.477052
94,Spectrogram 1,10,3550.887815,3552.421163,66.66666667,254.3209877,9.751705,9.766667
95,Spectrogram 1,10,3555.082824,3556.529379,71.60493827,244.4444444,8.567019,8.973099
96,Spectrogram 1,10,3557.588883,3558.586907,77.48344371,228.4768212,-1.08106,0.487752
97,Spectrogram 1,10,3596.091,3597.115,97.65625,202.51385,9.909331,11.301516
98,Spectrogram 1,10,3599.154769,3600.59636,64.9122807,310.5263158,8.253778,8.314642
99,Spectrogram 1,10,3611.001693,3611.740971,75.43859649,184.2105263,7.011333,6.442975
100,Spectrogram 1,10,3630.869131,3632.160051,105.931713,224.9324846,7.287216,8.274167
101,Spectrogram 1,10,3689.235751,3690.529486,68.42105263,229.8245614,7.289139,7.225319
102,Spectrogram 1,10,3743.313911,3744.570683,78.94736842,236.8421053,6.992332,6.575018
103,Spectrogram 1,10,4068.891789,4069.815886,78.94736842,219.2982456,2.011647,2.356741
104,Spectrogram 1,10,4071.590152,4073.105672,110.5263158,240.3508772,9.249396,9.372119
105,Spectrogram 1,10,4074.177624,4075.47136,103.5087719,222.8070175,2.858155,2.516519
106,Spectrogram 1,10,4158.714024,4159.859904,40.35087719,159.6491228,1.912308,1.725288
107,Spectrogram 1,10,4556.778076,4558.182703,75.43859649,205.2631579,2.170589,1.938493
108,Spectrogram 1,10,4721.766366,4723.097065,47.36842105,205.2631579,1.065359,0.809116
109,Spectrogram 1,10,4878.973758,4880.267494,68.42105263,226.3157895,3.085928,2.635087
110,Spectrogram 1,10,5078.135158,5079.133183,64.9122807,208.7719298,1.16487,0.931401
111,Spectrogram 1,10,5087.283719,5088.318708,71.92982456,219.2982456,-0.76478,1.447759
112,Spectrogram 1,10,5088.688347,5089.464588,128.0701754,201.754386,1.18557,2.374107
113,Spectrogram 1,10,5112.031038,5112.844244,96.49122807,247.3684211,3.80162,3.662079
114,Spectrogram 1,10,5123.526806,5124.450903,89.47368421,247.3684211,2.618284,2.294605
115,Spectrogram 1,10,5125.190181,5126.114278,96.49122807,247.3684211,0.546294,1.19918
116,Spectrogram 1,10,5178.492099,5179.45316,36.84210526,212.2807018,2.580505,3.256851
117,Spectrogram 1,10,5179.379233,5180.155474,78.94736842,166.6666667,2.000587,2.781614
118,Spectrogram 1,10,5187.234058,5188.49083,78.94736842,247.3684211,0.918142,0.910001
119,Spectrogram 1,10,5198.692861,5199.764814,75.43859649,226.3157895,1.307113,1.245773
120,Spectrogram 1,10,5208.174097,5209.209086,82.45614035,194.7368421,5.277772,5.232766
121,Spectrogram 1,10,5232.736597,5233.771586,89.47368421,201.754386,1.407629,1.521333
122,Spectrogram 1,10,5244.491112,5245.747884,40.35087719,198.245614,8.618542,7.802737
123,Spectrogram 1,10,5267.722912,5268.794865,82.45614035,208.7719298,1.001012,1.671068
124,Spectrogram 1,10,5272.528217,5273.637133,78.94736842,173.6842105,7.572734,7.809646
125,Spectrogram 1,10,5281.676778,5283.044441,75.43859649,226.3157895,1.29986,1.226425
126,Spectrogram 1,10,5296.684114,5297.756067,57.89473684,163.1578947,3.788796,5.58606
127,Spectrogram 1,10,5298.014814,5299.012839,57.89473684,233.3333333,-0.860206,2.923754
128,Spectrogram 1,10,5307.094941,5308.118941,112.9964912,164.1964912,1.99223,2.375818
129,Spectrogram 1,10,5312.92974,5313.816874,64.9122807,145.6140351,6.632248,5.993434
130,Spectrogram 1,10,5320.026806,5321.39447,96.49122807,205.2631579,0.641491,1.063777
131,Spectrogram 1,10,5323.797122,5324.721219,89.47368421,236.8421053,-1.594507,1.16841
132,Spectrogram 1,10,5324.647291,5325.534424,92.98245614,233.3333333,3.251978,3.858787
133,Spectrogram 1,10,5325.238713,5326.16281,50.87719298,166.6666667,1.710938,2.684489
134,Spectrogram 1,10,5336.789927,5337.824915,71.92982456,194.7368421,2.686551,2.870386
135,Spectrogram 1,10,5339.00776,5340.708098,64.9122807,184.2105263,0.874418,1.952592
136,Spectrogram 1,10,5365.307562,5366.970937,75.43859649,212.2807018,1.058592,1.288938
137,Spectrogram 1,10,5370.33465,5371.702314,71.92982456,187.7192982,2.272178,2.217433
138,Spectrogram 1,10,5373.753809,5375.066027,54.38596491,215.7894737,1.938356,2.122267
139,Spectrogram 1,10,5392.346642,5393.418595,89.47368421,247.3684211,0.838105,2.310457
140,Spectrogram 1,10,5381.257477,5382.699069,71.92982456,198.245614,-4.513864,0.355581
141,Spectrogram 1,10,5401.689264,5402.678047,64.9122807,222.8070175,-0.137066,0.048808
142,Spectrogram 1,10,5394.120909,5395.008042,50.87719298,201.754386,-1.01777,2.50713
143,Spectrogram 1,10,5409.775113,5410.920993,89.47368421,236.8421053,2.081157,1.639026
144,Spectrogram 1,10,5417.870203,5419.496614,40.35087719,215.7894737,-2.182711,1.513723
145,Spectrogram 1,10,5402.456264,5403.491253,29.8245614,159.6491228,3.282227,1.999069
146,Spectrogram 1,10,5427.480813,5428.737585,78.94736842,236.8421053,1.826888,2.046857
147,Spectrogram 1,10,5431.971924,5433.006913,64.9122807,198.245614,2.304648,2.05036
148,Spectrogram 1,10,5437.516507,5438.958098,57.89473684,180.7017544,2.739447,3.504036
149,Spectrogram 1,10,5449.012274,5450.195119,75.43859649,229.8245614,2.428362,1.438955
150,Spectrogram 1,10,5464.96219,5465.886287,82.45614035,170.1754386,2.307019,3.547236
151,Spectrogram 1,10,5466.181998,5467.25395,50.87719298,163.1578947,0.286672,2.179952
152,Spectrogram 1,10,5499.837613,5500.650818,92.98245614,173.6842105,6.380454,5.8822
153,Spectrogram 1,10,5509.577596,5510.834368,92.98245614,201.754386,1.867194,1.700106
154,Spectrogram 1,10,5513.015237,5514.013262,71.92982456,159.6491228,8.075857,8.199137
155,Spectrogram 1,10,5516.748589,5517.820542,78.94736842,191.2280702,6.272482,6.35494
156,Spectrogram 1,10,5522.625847,5523.586907,100,187.7192982,8.037433,7.867447
157,Spectrogram 1,10,5535.433832,5536.505784,75.43859649,170.1754386,6.428155,6.845382
159,Spectrogram 1,10,5563.470937,5564.505926,43.85964912,201.754386,6.34048,6.777741
160,Spectrogram 1,10,5599.732506,5600.508747,54.38596491,145.6140351,5.985989,8.786186
161,Spectrogram 1,10,5600.73053,5601.765519,75.43859649,215.7894737,-1.265024,4.416811
162,Spectrogram 1,10,5608.862585,5609.971501,61.40350877,173.6842105,7.593439,6.695934
163,Spectrogram 1,10,5616.588036,5617.918736,61.40350877,173.6842105,5.598028,6.539065
164,Spectrogram 1,10,5619.693002,5620.580135,54.38596491,187.7192982,3.178717,4.459966
165,Spectrogram 1,10,5632.205277,5633.314193,82.45614035,233.3333333,3.94422,2.345075
166,Spectrogram 1,10,5659.096501,5660.353273,89.47368421,229.8245614,2.82543,3.433604
167,Spectrogram 1,10,5665.491253,5666.748025,61.40350877,198.245614,7.117852,6.785734
168,Spectrogram 1,10,5673.84509,5674.769187,96.49122807,215.7894737,3.360091,3.24294
169,Spectrogram 1,10,5678.336202,5679.74083,78.94736842,184.2105263,5.079002,5.375263
170,Spectrogram 1,10,5695.413516,5696.263685,96.49122807,205.2631579,4.639114,5.115371
171,Spectrogram 1,10,5706.225451,5707.297404,92.98245614,222.8070175,3.304543,3.379726
172,Spectrogram 1,10,5729.494216,5730.418313,89.47368421,236.8421053,3.516156,3.023212
173,Spectrogram 1,10,5746.830277,5747.939193,57.89473684,191.2280702,1.699117,1.743323
174,Spectrogram 1,10,5769.248871,5770.690463,75.43859649,229.8245614,5.36689,5.025829
175,Spectrogram 1,10,5773.887839,5775.440322,19.29824561,219.2982456,5.335231,5.940375
176,Spectrogram 1,10,5792.610045,5794.125564,82.45614035,275.4385965,1.529453,1.794145
177,Spectrogram 1,10,5848.795147,5849.904063,82.45614035,219.2982456,4.431296,5.30241
178,Spectrogram 1,10,5878.606518,5879.974182,78.94736842,236.8421053,2.6519,3.154516
179,Spectrogram 1,10,5882.52469,5883.855389,61.40350877,233.3333333,6.02046,7.817438
180,Spectrogram 1,10,5908.011287,5909.415914,92.98245614,296.4912281,1.463804,1.472788
181,Spectrogram 1,10,5942.22136,5943.404204,43.85964912,229.8245614,3.014948,3.63259
182,Spectrogram 1,10,6004.080418,6005.448081,100,271.9298246,0.633469,0.341141
183,Spectrogram 1,10,6047.882619,6048.991535,89.47368421,236.8421053,3.799845,3.212146
184,Spectrogram 1,10,6139.756349,6141.160976,54.38596491,215.7894737,3.555714,3.287254
185,Spectrogram 1,10,6150.272573,6151.270598,50.87719298,194.7368421,2.554117,3.776928
186,Spectrogram 1,10,6167.627116,6168.699069,78.94736842,222.8070175,3.038849,3.256373
187,Spectrogram 1,10,6267.096924,6268.205841,64.9122807,208.7719298,5.677173,5.60555
188,Spectrogram 1,10,6267.096924,6268.205841,64.9122807,208.7719298,5.677173,5.60555
189,Spectrogram 1,10,6287.205277,6288.609904,54.38596491,187.7192982,4.140675,3.833401
190,Spectrogram 1,10,6292.139955,6293.988149,47.36842105,166.6666667,1.393207,2.870541
191,Spectrogram 1,10,6314.854261,6316.037105,40.35087719,212.2807018,2.559063,2.483639
192,Spectrogram 1,10,6355.569977,6356.937641,100,208.7719298,2.481465,2.456426
193,Spectrogram 1,10,6405.803894,6406.838883,61.40350877,243.8596491,1.612495,1.836459
194,Spectrogram 1,10,6611.674238,6613.11583,50.87719298,191.2280702,3.463241,2.290371
195,Spectrogram 1,10,6635.275677,6636.34763,89.47368421,215.7894737,1.139585,1.253524
196,Spectrogram 1,10,6722.565886,6723.970514,54.38596491,292.9824561,4.447219,4.875913
197,Spectrogram 1,10,6753.902017,6754.900042,68.42105263,236.8421053,2.815232,4.517064
198,Spectrogram 1,10,6784.896233,6785.635511,50.87719298,215.7894737,3.768894,3.848465
199,Spectrogram 1,10,6798.887063,6800.143835,82.45614035,215.7894737,3.132057,3.046559
200,Spectrogram 1,10,6826.776312,6827.811301,100,247.3684211,2.631313,2.456492
201,Spectrogram 1,10,6854.258959,6855.22002,110.5263158,254.3859649,3.202207,3.034675
202,Spectrogram 1,10,6868.101933,6869.02603,142.1052632,271.9298246,2.59967,2.420024
203,Spectrogram 1,10,6885.179247,6886.214235,78.94736842,215.7894737,4.458873,4.814935
204,Spectrogram 1,10,6892.627469,6893.773349,78.94736842,180.7017544,4.646773,4.922596
205,Spectrogram 1,10,6908.891577,6910.111385,89.47368421,219.2982456,2.772335,2.69401
206,Spectrogram 1,10,6914.620979,6915.397221,68.42105263,233.3333333,4.605849,4.364645
207,Spectrogram 1,10,6921.736527,6922.62366,103.5087719,254.3859649,3.544887,3.764435
208,Spectrogram 1,10,6944.598688,6945.633677,114.0350877,285.9649123,1.951836,1.02578
209,Spectrogram 1,10,6965.169089,6966.462824,85.96491228,236.8421053,-0.291916,0.953674
210,Spectrogram 1,10,6982.542113,6983.724958,64.9122807,300,3.020011,2.851577
211,Spectrogram 1,10,6996.385087,6997.641859,71.92982456,222.8070175,4.895306,5.016383
212,Spectrogram 1,10,7033.607717,7034.753598,85.96491228,205.2631579,4.127088,4.455384
213,Spectrogram 1,10,7038.413022,7039.374083,75.43859649,187.7192982,7.521348,7.080225
214,Spectrogram 1,10,7041.924591,7043.033507,71.92982456,226.3157895,2.734075,2.850168
215,Spectrogram 1,10,7064.528005,7065.562994,96.49122807,275.4385965,2.297607,2.423825
216,Spectrogram 1,10,7086.484551,7087.630432,85.96491228,243.8596491,3.948231,4.093242
217,Spectrogram 1,10,7127.773208,7128.808197,75.43859649,229.8245614,3.981511,3.988047
218,Spectrogram 1,10,7165.10673,7166.25261,47.36842105,201.754386,1.051481,0.734363
219,Spectrogram 1,10,7187.19265,7188.560313,85.96491228,268.4210526,2.425524,2.412248
220,Spectrogram 1,10,7248.441803,7249.735539,82.45614035,205.2631579,3.022701,2.330627
221,Spectrogram 1,10,7265.907238,7267.053118,47.36842105,177.1929825,3.159641,2.906081
222,Spectrogram 1,10,7302.372108,7303.850663,128.0701754,254.3859649,1.142782,1.13009
223,Spectrogram 1,10,7397.812853,7398.921769,50.87719298,205.2631579,0.539293,0.388585
224,Spectrogram 1,10,7405.59375,7407.035341,62.86549708,200.2923977,1.16802,1.442549
225,Spectrogram 1,10,7411.507971,7413.282238,71.6374269,267.5438596,0.944622,1.294719
226,Spectrogram 1,10,7414.871685,7416.498095,42.39766082,229.5321637,-0.772333,-0.684656
227,Spectrogram 1,10,7441.615054,7443.056645,83.33333333,258.7719298,4.946634,4.773956
228,Spectrogram 1,10,7478.153852,7479.484551,95.02923977,244.1520468,3.445622,3.454098
229,Spectrogram 1,10,7574.186019,7575.368863,80.40935673,276.3157895,7.392364,6.846936
230,Spectrogram 1,10,7594.830347,7596.234975,59.94152047,235.380117,5.633724,6.3179
231,Spectrogram 1,10,7628.984975,7630.130855,106.7251462,258.7719298,6.719782,6.995622
232,Spectrogram 1,10,7634.344738,7635.490618,62.86549708,209.0643275,2.34516,2.400794
233,Spectrogram 1,10,7724.481165,7725.47919,86.25730994,241.2280702,7.523988,7.062774
234,Spectrogram 1,10,7748.784918,7749.893835,97.95321637,214.9122807,3.371209,2.768095
235,Spectrogram 1,10,7789.445189,7790.591069,89.18128655,247.0760234,5.744194,4.612876
236,Spectrogram 1,10,7814.340364,7815.486244,95.02923977,220.7602339,3.830774,3.713561
237,Spectrogram 1,10,7878.158507,7879.082604,83.33333333,214.9122807,2.205742,2.728305
238,Spectrogram 1,10,7907.858987,7909.115759,95.02923977,244.1520468,2.865061,3.622071
239,Spectrogram 1,10,7937.448575,7938.779275,77.48538012,290.9356725,2.645105,3.031989
240,Spectrogram 1,10,8012.79945,8014.056222,83.33333333,261.6959064,3.27457,4.010886
241,Spectrogram 1,10,8037.916408,8038.914433,33.62573099,238.3040936,2.972599,2.980071
242,Spectrogram 1,10,8272.563135,8274.115618,51.16959064,217.8362573,3.548741,3.375445
243,Spectrogram 1,10,8461.282238,8462.465082,86.25730994,209.0643275,-1.464454,3.124726
244,Spectrogram 1,10,8484.587966,8485.881701,68.71345029,217.8362573,1.450056,1.716778
245,Spectrogram 1,10,8652.607294,8653.937994,45.32163743,168.128655,1.516197,0.991029
246,Spectrogram 1,10,9049.710285,9051.262768,71.6374269,191.5204678,5.29787,5.434665
247,Spectrogram 1,10,9232.607576,9233.716493,68.71345029,138.8888889,2.788465,2.87924
248,Spectrogram 1,10,9235.78647,9236.599676,57.01754386,165.2046784,4.821974,4.968517
249,Spectrogram 1,10,9278.701538,9280.327949,30.70175439,214.9122807,0.537284,0.542941
250,Spectrogram 1,10,9485.847136,9487.2148,59.94152047,194.4444444,0.856643,1.143901
251,Spectrogram 1,10,9532.384664,9533.456617,65.78947368,191.5204678,4.486272,3.634555
252,Spectrogram 1,10,9551.402582,9552.770245,68.71345029,182.748538,3.277651,3.233236
253,Spectrogram 1,10,9642.888191,9644.847277,48.24561404,209.0643275,5.326066,5.826079
254,Spectrogram 1,10,9726.001481,9726.888615,83.33333333,220.7602339,0.890524,1.022842
255,Spectrogram 1,10,10117.81864,10119.26023,48.24561404,217.8362573,1.262258,1.40505
256,Spectrogram 1,10,10517.58303,10518.87676,92.10526316,244.1520468,1.235885,1.278285
257,Spectrogram 1,10,11178.99626,11180.58571,51.16959064,250,0.676185,1.219275
258,Spectrogram 1,10,11365.10941,11366.25529,36.5497076,171.0526316,1.543353,2.08534
259,Spectrogram 1,10,11894.59855,11895.96621,80.40935673,238.3040936,2.601,2.189293
260,Spectrogram 1,10,11993.95746,11995.62084,51.16959064,182.748538,-0.546922,0.614568
261,Spectrogram 1,10,12702.68447,12704.08909,54.09356725,203.2163743,1.053339,1.854525
262,Spectrogram 1,10,13380.01065,13381.6001,45.32163743,188.5964912,0.931368,1.252222
263,Spectrogram 1,10,13468.24344,13469.46325,86.25730994,261.6959064,0.879874,1.137594
264,Spectrogram 1,10,13559.74753,13561.0043,65.78947368,250,2.626393,2.672297
265,Spectrogram 1,10,13615.69237,13616.83825,83.33333333,185.6725146,0.847881,1.098363
266,Spectrogram 1,10,13628.62973,13629.70168,86.25730994,232.4561404,1.407337,1.678427
267,Spectrogram 1,10,13649.79155,13651.01136,80.40935673,244.1520468,3.291372,2.962603
268,Spectrogram 1,10,13774.0826,13775.56116,77.48538012,264.619883,1.348144,1.158045
269,Spectrogram 1,10,13879.42967,13880.72341,51.16959064,232.4561404,2.989155,2.382825
270,Spectrogram 1,10,13940.51249,13941.39962,74.56140351,206.1403509,2.632454,3.079395
271,Spectrogram 1,10,13952.74753,13953.85645,95.02923977,179.8245614,0.764628,0.576129
272,Spectrogram 1,10,14041.75656,14043.23512,54.09356725,150.5847953,0.188198,0.527323
273,Spectrogram 1,10,15994.90964,15996.09248,97.95321637,165.2046784,1.800541,2.363039
274,Spectrogram 1,10,16205.45591,16206.63876,59.94152047,144.7368421,1.304384,3.838649
275,Spectrogram 1,10,16307.6056,16308.82541,92.10526316,232.4561404,1.552987,1.721749
276,Spectrogram 1,10,16327.11005,16328.13405,93.58603395,207.648534,1.82226,2.015543
277,Spectrogram 1,10,16332.53774,16333.64666,95.02923977,191.5204678,3.098114,2.935482
278,Spectrogram 1,10,16329.95027,16331.13311,92.10526316,206.1403509,1.314714,1.153152
279,Spectrogram 1,10,16727.4229,16728.90145,77.48538012,232.4561404,0.744476,1.708049
280,Spectrogram 1,10,17043.77829,17045.21988,65.78947368,220.7602339,1.682002,1.815791
281,Spectrogram 1,10,17056.8635,17057.75063,68.71345029,203.2163743,2.111538,1.941495
282,Spectrogram 1,10,17062.53746,17063.79423,68.71345029,200.2923977,1.424196,1.378343
283,Spectrogram 1,10,17069.81934,17071.03915,86.25730994,211.9883041,1.070514,0.671878
284,Spectrogram 1,10,17080.94547,17082.38706,92.10526316,214.9122807,1.071352,1.159895
285,Spectrogram 1,10,17713.98892,17715.13481,83.33333333,220.7602339,0.711473,1.547685
286,Spectrogram 1,10,17745.16796,17746.42473,74.56140351,179.8245614,0.677016,1.053292
287,Spectrogram 1,10,17852.19688,17853.52758,80.40935673,211.9883041,0.930887,0.734862
288,Spectrogram 1,10,17889.43799,17890.91655,68.71345029,223.6842105,1.496528,1.244601
289,Spectrogram 1,10,17921.30086,17922.5946,89.18128655,211.9883041,0.855481,1.55171
290,Spectrogram 1,10,19841.16796,19842.8683,57.01754386,168.128655,1.800619,2.29854
291,Spectrogram 1,10,19865.98921,19867.09812,97.95321637,229.5321637,1.096602,1.07126
292,Spectrogram 1,10,19902.30622,19903.48907,97.95321637,211.9883041,1.349824,1.587659
293,Spectrogram 1,10,19920.91754,19922.2852,62.86549708,197.3684211,3.642121,3.712304
294,Spectrogram 1,10,19936.23907,19937.27405,68.71345029,182.748538,2.057744,1.8737
295,Spectrogram 1,10,20130.81694,20131.8889,68.71345029,182.748538,2.99964,2.957473
296,Spectrogram 1,10,20333.74866,20335.37507,68.71345029,226.6081871,2.822156,3.132005
297,Spectrogram 1,10,20338.03647,20339.33021,54.09356725,244.1520468,1.012919,0.783559
298,Spectrogram 1,10,20387.67896,20389.00966,57.01754386,194.4444444,1.998003,2.221305
299,Spectrogram 1,10,20416.78802,20418.26658,77.48538012,179.8245614,0.759838,1.385105
300,Spectrogram 1,10,20459.70309,20460.99683,51.16959064,188.5964912,1.852987,1.362162
301,Spectrogram 1,10,20462.73413,20463.95394,51.16959064,162.2807018,1.921519,1.980488
302,Spectrogram 1,10,20493.3587,20494.54155,57.01754386,182.748538,1.478244,2.002281
303,Spectrogram 1,10,20643.3951,20644.50402,80.40935673,188.5964912,3.546931,3.867579
304,Spectrogram 1,10,20667.47707,20669.02956,83.33333333,206.1403509,0.876828,1.112612
305,Spectrogram 1,10,20683.90752,20685.01644,80.40935673,261.6959064,1.116142,1.535048
306,Spectrogram 1,10,20717.1935,20718.56116,57.01754386,173.9766082,-0.687992,3.416503
307,Spectrogram 1,10,20741.86689,20743.04973,83.33333333,214.9122807,1.572512,1.162405
308,Spectrogram 1,10,20748.24316,20749.64778,54.09356725,168.128655,0.489847,0.726076
309,Spectrogram 1,10,20785.00374,20786.26051,57.01754386,223.6842105,1.58887,1.884589
310,Spectrogram 1,10,20791.91598,20793.13579,62.86549708,197.3684211,1.838703,1.72067
311,Spectrogram 1,10,20826.699,20827.54917,97.95321637,209.0643275,0.821847,0.565309
312,Spectrogram 1,10,20835.34855,20836.8271,97.95321637,223.6842105,2.094272,1.882424
313,Spectrogram 1,10,20841.87267,20843.42516,83.33333333,211.9883041,0.64922,0.910381
314,Spectrogram 1,10,20853.29451,20854.55128,77.48538012,209.0643275,2.064893,2.048544
315,Spectrogram 1,10,20865.7883,20867.30382,68.71345029,179.8245614,1.897789,2.081497
316,Spectrogram 1,10,20928.9411,20930.16091,80.40935673,217.8362573,2.827544,3.079725
317,Spectrogram 1,10,20916.26249,20917.3714,115.497076,220.7602339,0.747523,0.746613
318,Spectrogram 1,10,20972.85419,20974.074,71.6374269,226.6081871,1.520481,1.713494
319,Spectrogram 1,10,20992.64835,20994.01601,118.4210526,238.3040936,1.289527,1.117084
320,Spectrogram 1,10,21004.92036,21005.99231,74.56140351,203.2163743,1.340533,1.599049
321,Spectrogram 1,10,21006.73159,21007.98836,89.18128655,261.6959064,1.585214,2.169759
322,Spectrogram 1,10,21016.17586,21017.4696,71.6374269,200.2923977,0.744661,0.639247
323,Spectrogram 1,10,21045.43277,21046.94829,65.78947368,217.8362573,2.517946,2.758268
324,Spectrogram 1,10,21066.77942,21068.03619,89.18128655,220.7602339,1.792926,1.262155
325,Spectrogram 1,10,21084.11548,21085.631,65.78947368,194.4444444,3.007268,2.232084
326,Spectrogram 1,10,21080.3082,21081.93461,68.71345029,200.2923977,1.935912,2.197955
327,Spectrogram 1,10,21105.12944,21106.27532,39.47368421,159.3567251,0.818564,1.03977
328,Spectrogram 1,10,21121.55989,21122.66881,80.40935673,203.2163743,1.725885,1.860051
329,Spectrogram 1,10,21135.90188,21137.04776,97.95321637,209.0643275,1.822566,1.930002
330,Spectrogram 1,10,21165.17727,21166.61886,92.10526316,194.4444444,4.043919,4.294365
331,Spectrogram 1,10,21176.82089,21178.37338,59.94152047,168.128655,1.846589,1.960066
332,Spectrogram 1,10,21182.66119,21183.84403,97.95321637,214.9122807,1.423439,1.737061
333,Spectrogram 1,10,21220.66006,21222.02772,95.02923977,214.9122807,1.294155,1.493838
334,Spectrogram 1,10,21230.3446,21231.6753,59.94152047,197.3684211,0.899028,1.566243
335,Spectrogram 1,10,21240.89778,21242.04367,97.95321637,209.0643275,1.772992,1.953928
336,Spectrogram 1,10,21266.38438,21267.82597,48.24561404,182.748538,3.854381,3.641789
337,Spectrogram 1,10,21276.62338,21277.80622,83.33333333,194.4444444,1.558982,1.822311
338,Spectrogram 1,10,21282.48215,21283.51714,24.85380117,159.3567251,1.61287,1.440552
339,Spectrogram 1,10,21370.06807,21370.88128,80.40935673,176.9005848,1.796359,2.220949
340,Spectrogram 1,10,21587.69293,21589.02363,83.33333333,247.0760234,2.461626,2.535554
341,Spectrogram 1,10,21641.21663,21642.32555,83.33333333,238.3040936,2.011157,2.456124
342,Spectrogram 1,10,21643.06483,21644.35856,97.95321637,209.0643275,3.497966,4.052382
343,Spectrogram 1,10,21672.39567,21673.57851,77.48538012,252.9239766,3.745079,4.140697
344,Spectrogram 1,10,21720.63354,21721.77942,115.497076,258.7719298,2.273092,2.179792
345,Spectrogram 1,10,21729.41246,21730.52137,89.18128655,191.5204678,2.332034,2.381709
347,Spectrogram 1,10,21824.96409,21826.1839,83.33333333,194.4444444,1.223993,0.994958
348,Spectrogram 1,10,21847.29028,21848.32527,92.10526316,200.2923977,0.56731,0.752268
349,Spectrogram 1,10,21885.36308,21886.54592,77.48538012,211.9883041,3.406101,3.308155
350,Spectrogram 1,10,21920.68207,21921.75402,86.25730994,247.0760234,1.779223,1.909149
351,Spectrogram 1,10,21933.82273,21935.22736,80.40935673,209.0643275,1.039448,1.146644
352,Spectrogram 1,10,21948.29409,21949.47693,62.86549708,203.2163743,3.515398,3.16112
353,Spectrogram 1,10,21955.53901,21956.86971,86.25730994,217.8362573,0.79252,0.847965
354,Spectrogram 1,10,21968.06977,21969.06779,92.10526316,244.1520468,3.323817,2.797775
355,Spectrogram 1,10,21985.49824,21986.75501,89.18128655,214.9122807,2.201841,1.567814
356,Spectrogram 1,10,21982.39327,21983.57611,54.09356725,141.8128655,-1.221722,1.057447
357,Spectrogram 1,10,22008.87789,22009.91288,59.94152047,191.5204678,3.712482,3.661174
358,Spectrogram 1,10,22013.27659,22014.53337,62.86549708,176.9005848,3.041929,3.171617
359,Spectrogram 1,10,22016.64031,22018.15583,77.48538012,171.0526316,1.278737,1.163551
360,Spectrogram 1,10,22025.3453,22026.34333,65.78947368,182.748538,2.646173,2.611924
361,Spectrogram 1,10,22127.21776,22128.32668,86.25730994,214.9122807,2.323616,1.891166
362,Spectrogram 1,10,22131.32075,22133.24288,65.78947368,191.5204678,1.335402,1.196248
363,Spectrogram 1,10,22161.74203,22163.22058,65.78947368,176.9005848,0.830472,1.349097
364,Spectrogram 1,10,22202.23596,22203.56666,89.18128655,200.2923977,2.107484,2.682786
365,Spectrogram 1,10,22214.50797,22215.72778,77.48538012,176.9005848,0.316182,0.414448
366,Spectrogram 1,10,22279.80467,22281.2093,62.86549708,179.8245614,1.240683,1.16158
367,Spectrogram 1,10,22299.34008,22300.67078,100.877193,220.7602339,1.533603,1.632429
368,Spectrogram 1,10,22305.95662,22307.28732,74.56140351,194.4444444,1.364902,1.436713
369,Spectrogram 1,10,22456.58444,22457.87817,83.33333333,200.2923977,1.653186,2.076808
370,Spectrogram 1,10,23272.89482,23274.00374,83.33333333,214.9122807,1.122078,1.23761
371,Spectrogram 1,10,23638.92967,23639.77984,59.94152047,153.5087719,0.944962,1.472714
372,Spectrogram 1,10,24511.18489,24512.4047,65.78947368,211.9883041,2.438468,2.377254
373,Spectrogram 1,10,24528.61336,24529.57442,89.18128655,200.2923977,3.206398,3.198978
374,Spectrogram 1,10,25918.38142,25919.85997,62.86549708,203.2163743,0.55421,1.386645
375,Spectrogram 1,10,25960.40935,25961.5922,51.16959064,194.4444444,1.931461,1.687965
376,Spectrogram 1,10,28628.29606,28629.51587,86.25730994,244.1520468,-0.866966,0.266071
377,Spectrogram 1,10,33659.93066,33660.92868,80.40935673,285.0877193,2.387644,2.544694
378,Spectrogram 1,10,33709.90583,33711.19956,80.40935673,276.3157895,2.967274,2.97599
379,Spectrogram 1,10,33757.47834,33758.80904,86.25730994,255.8479532,2.827043,3.137844
380,Spectrogram 1,10,33851.95803,33853.6214,92.10526316,252.9239766,1.345394,1.393917
381,Spectrogram 1,10,33954.64369,33955.75261,103.8011696,241.2280702,3.784109,3.979797
382,Spectrogram 1,10,34131.1832,34132.88354,51.16959064,226.6081871,0.989639,1.387052
383,Spectrogram 1,10,34531.31723,34532.53703,83.33333333,226.6081871,2.93729,2.937945
384,Spectrogram 1,10,34734.32287,34735.80142,42.39766082,165.2046784,1.152601,1.217376
385,Spectrogram 1,10,34782.04324,34783.48483,86.25730994,220.7602339,1.40393,1.203748
386,Spectrogram 1,10,35158.89003,35160.10983,57.01754386,197.3684211,0.125474,0.643056
387,Spectrogram 1,10,35287.46889,35288.46692,59.94152047,217.8362573,2.571738,2.223607
388,Spectrogram 1,10,35405.66091,35406.84375,83.33333333,270.4678363,2.142283,2.46326
389,Spectrogram 1,10,37584.20126,37585.56892,59.94152047,238.3040936,0.873862,0.800692
390,Spectrogram 1,10,37771.756,37772.64313,62.86549708,203.2163743,1.682183,1.938408
391,Spectrogram 1,10,37867.38156,37868.60137,65.78947368,203.2163743,2.495173,2.895815
392,Spectrogram 1,10,38226.17149,38227.20648,57.01754386,206.1403509,0.176605,1.006977
393,Spectrogram 1,10,38294.29592,38295.51573,33.62573099,168.128655,1.813756,2.005496
394,Spectrogram 1,10,38493.38339,38494.27053,68.71345029,185.6725146,2.103471,2.058433
395,Spectrogram 1,10,38508.96367,38510.22044,42.39766082,150.5847953,0.875874,1.216349
396,Spectrogram 1,10,39042.68517,39044.12676,83.33333333,273.3918129,2.62664,2.907644
397,Spectrogram 1,10,39116.00303,39117.55552,86.25730994,226.6081871,1.447419,1.763154
398,Spectrogram 1,10,39161.41316,39162.74386,80.40935673,261.6959064,1.640097,1.717613
399,Spectrogram 1,10,39198.45097,39199.55989,57.01754386,209.0643275,3.600496,3.101518
400,Spectrogram 1,10,39220.75868,39221.94152,83.33333333,176.9005848,3.926818,4.295898
401,Spectrogram 1,10,39288.93856,39289.93658,95.02923977,255.8479532,-0.534565,-0.487925
402,Spectrogram 1,10,39406.77942,39408.11012,74.56140351,244.1520468,0.306881,0.649479
403,Spectrogram 1,10,39479.17318,39480.2821,57.01754386,211.9883041,1.101366,1.340953
404,Spectrogram 1,10,39587.08924,39589.01136,36.5497076,264.619883,1.50766,1.274792
405,Spectrogram 1,10,39724.983,39726.12888,45.32163743,235.380117,1.884174,2.179673
406,Spectrogram 1,10,39959.74062,39961.55185,51.16959064,206.1403509,0.989606,1.454488
407,Spectrogram 1,10,39980.56977,39981.90047,36.5497076,141.8128655,1.331999,0.991763
408,Spectrogram 1,10,40018.62408,40019.88085,36.5497076,150.5847953,2.68014,3.012613
409,Spectrogram 1,10,40028.8446,40030.10137,33.62573099,165.2046784,2.421177,1.962028
410,Spectrogram 1,10,40045.70013,40046.88297,103.8011696,200.2923977,1.359991,0.655438
411,Spectrogram 1,10,40072.59135,40074.14383,71.6374269,194.4444444,1.780074,1.011523
412,Spectrogram 1,10,40163.07894,40164.4466,65.78947368,197.3684211,3.059486,2.783279
413,Spectrogram 1,10,40201.81709,40203.22171,74.56140351,282.1637427,3.005358,3.36688
414,Spectrogram 1,10,40407.52109,40408.59304,16.08187135,168.128655,0.555115,0.62979
415,Spectrogram 1,10,41064.64652,41065.75543,59.94152047,238.3040936,0.880484,1.771702
416,Spectrogram 1,10,45522.91584,45524.50529,30.70175439,188.5964912,0.675823,0.643672
417,Spectrogram 1,10,46996.88763,46997.60842,45.32163743,150.5847953,1.246468,1.862521
418,Spectrogram 1,10,48104.16845,48105.83183,57.01754386,226.6081871,0.441502,0.305871
419,Spectrogram 1,10,48374.26354,48375.44639,48.24561404,209.0643275,9.973598,9.602573
420,Spectrogram 1,10,52723.84058,52725.28217,51.16959064,232.4561404,2.358915,2.801992
421,Spectrogram 1,10,52747.53442,52748.71727,39.47368421,206.1403509,2.748478,2.49669
422,Spectrogram 1,10,52766.21967,52767.25466,80.40935673,220.7602339,3.245687,3.019972
423,Spectrogram 1,10,52791.52144,52792.77822,59.94152047,188.5964912,3.936116,3.820487
424,Spectrogram 1,10,52894.28104,52895.50085,36.5497076,229.5321637,3.629397,4.134389
425,Spectrogram 1,10,52914.66662,52915.70161,77.48538012,206.1403509,2.887005,3.007301
426,Spectrogram 1,10,53060.45217,53061.74591,80.40935673,255.8479532,4.570522,4.386028
427,Spectrogram 1,10,53440.40392,53441.5498,83.33333333,235.380117,6.273239,7.032902
428,Spectrogram 1,10,53499.84185,53501.17255,100.877193,238.3040936,6.295461,6.085976
429,Spectrogram 1,10,53515.05248,53516.30926,68.71345029,197.3684211,4.781689,5.604622
430,Spectrogram 1,10,53588.66606,53590.21854,62.86549708,197.3684211,5.423781,5.513522
431,Spectrogram 1,10,53637.38445,53638.49337,74.56140351,179.8245614,3.40737,4.42345
432,Spectrogram 1,10,53652.61357,53653.75945,71.6374269,211.9883041,5.932221,5.727013
433,Spectrogram 1,10,53656.90138,53657.97334,112.5730994,209.0643275,3.897086,3.717022
434,Spectrogram 1,10,53677.91535,53679.09819,83.33333333,214.9122807,4.369043,4.202575
435,Spectrogram 1,10,53757.49859,53758.49661,77.48538012,203.2163743,8.365918,8.180876
436,Spectrogram 1,10,53799.98857,53801.13445,77.48538012,173.9766082,3.504839,3.752306
437,Spectrogram 1,10,54218.36428,54219.73194,62.86549708,182.748538,0.066326,0.883548
438,Spectrogram 1,10,54294.41747,54295.67424,80.40935673,258.7719298,1.922267,2.090948
439,Spectrogram 1,10,54707.58126,54709.2816,80.40935673,264.619883,-0.121596,0.746607
440,Spectrogram 1,10,54874.30686,54875.41577,83.33333333,182.748538,1.748672,1.817289
441,Spectrogram 1,10,56363.02723,56364.17311,71.6374269,229.5321637,1.972056,3.004498
442,Spectrogram 1,10,56528.42212,56529.90068,92.10526316,220.7602339,2.824721,2.454565
443,Spectrogram 1,10,56543.30008,56544.51989,71.6374269,223.6842105,2.105302,2.460833
444,Spectrogram 1,10,56707.30883,56708.30686,109.6491228,261.6959064,2.298884,2.596923
445,Spectrogram 1,10,56959.3101,56960.75169,106.7251462,203.2163743,1.690829,1.862296
446,Spectrogram 1,10,57030.90914,57031.98109,97.95321637,247.0760234,0.516344,0.788378
447,Spectrogram 1,10,57055.28682,57056.58056,62.86549708,203.2163743,1.87871,1.899614
448,Spectrogram 1,10,57074.26778,57075.45062,48.24561404,188.5964912,1.28888,1.764289
449,Spectrogram 1,10,57097.83225,57098.97813,100.877193,223.6842105,2.090008,2.728251
450,Spectrogram 1,10,57152.87147,57154.01735,68.71345029,206.1403509,2.420182,2.512641
451,Spectrogram 1,10,57639.46402,57641.05347,71.6374269,229.5321637,2.281695,1.995831
452,Spectrogram 1,10,57680.12429,57681.52892,62.86549708,247.0760234,1.103969,1.165519
453,Spectrogram 1,10,57811.77116,57813.0649,100.877193,238.3040936,0.80453,1.955128
454,Spectrogram 1,10,60625.92396,60627.25466,77.48538012,241.2280702,1.950394,2.704283
455,Spectrogram 1,10,60612.6724,60613.92918,103.8011696,185.6725146,1.332091,1.667992
456,Spectrogram 1,10,60712.2531,60713.47291,89.18128655,206.1403509,2.537465,2.801186
457,Spectrogram 1,10,60796.49379,60797.78753,89.18128655,244.1520468,2.362086,2.753454
458,Spectrogram 1,10,60840.92438,60842.10722,100.877193,235.380117,1.449806,1.598176
459,Spectrogram 1,10,60872.95358,60873.98857,115.497076,247.0760234,0.909498,0.769255
460,Spectrogram 1,10,60895.29825,60896.25931,92.10526316,226.6081871,1.881684,1.296518
461,Spectrogram 1,10,60952.62923,60953.66422,97.95321637,200.2923977,-0.390033,-0.052369
462,Spectrogram 1,10,61030.93722,61032.19399,95.02923977,191.5204678,1.87557,1.499958
463,Spectrogram 1,10,62195.81701,62197.03682,51.16959064,235.380117,1.689125,2.450235
464,Spectrogram 1,10,62725.93454,62727.22827,71.6374269,191.5204678,1.133101,1.030211
465,Spectrogram 1,10,62879.31617,62880.49901,77.48538012,250,1.509873,1.976498
466,Spectrogram 1,10,62961.20965,62962.17071,77.48538012,197.3684211,2.33166,2.746942
467,Spectrogram 1,10,62980.56024,62981.89094,65.78947368,194.4444444,1.996259,1.73411
468,Spectrogram 1,10,62995.64151,62997.0831,54.09356725,191.5204678,1.11352,0.88711
469,Spectrogram 1,10,63387.64348,63389.159,48.24561404,270.4678363,2.410596,2.059793
470,Spectrogram 1,10,63458.29994,63459.88939,86.25730994,366.9590643,0.854326,1.281431
471,Spectrogram 1,10,63449.05897,63450.75931,51.16959064,211.9883041,1.345945,0.588947
472,Spectrogram 1,10,63501.88036,63503.06321,109.6491228,264.619883,2.864407,3.494933
473,Spectrogram 1,10,63516.8877,63517.95965,68.71345029,209.0643275,1.823385,1.370691
474,Spectrogram 1,10,63521.45274,63522.37683,86.25730994,241.2280702,3.847595,3.983546
475,Spectrogram 1,10,63579.85567,63581.07548,74.56140351,226.6081871,2.566159,2.713263
476,Spectrogram 1,10,63623.84269,63625.0625,71.6374269,226.6081871,1.734528,1.712529
477,Spectrogram 1,10,63643.74774,63644.89362,97.95321637,203.2163743,0.71928,0.662435
478,Spectrogram 1,10,63829.43581,63830.72954,48.24561404,194.4444444,0.91332,1.165075
479,Spectrogram 1,10,64029.18863,64030.33451,89.18128655,220.7602339,3.01496,2.347541
480,Spectrogram 1,10,64342.62387,64343.88064,112.5730994,252.9239766,0.855717,2.884221
481,Spectrogram 1,10,65198.3932,65199.53908,95.02923977,209.0643275,1.193545,1.180022
482,Spectrogram 1,10,66328.04642,66328.78569,97.95321637,226.6081871,1.594979,0.782807
483,Spectrogram 1,10,66472.16859,66473.3884,68.71345029,194.4444444,0.316938,1.00132
484,Spectrogram 1,10,66549.77427,66550.88318,48.24561404,162.2807018,1.408955,1.404876
485,Spectrogram 1,10,66582.65364,66584.24309,62.86549708,200.2923977,1.091923,1.45666
486,Spectrogram 1,10,66610.09932,66611.65181,86.25730994,264.619883,0.949302,0.846235
487,Spectrogram 1,10,66657.04345,66658.15237,95.02923977,194.4444444,1.19947,1.151649
488,Spectrogram 1,10,66653.45796,66654.6408,68.71345029,179.8245614,0.31637,0.204614
489,Spectrogram 1,10,67059.19201,67060.44879,80.40935673,211.9883041,1.663641,0.893153
490,Spectrogram 1,10,67088.70767,67089.96445,68.71345029,173.9766082,0.535673,0.728536
491,Spectrogram 1,10,67228.43115,67229.614,80.40935673,179.8245614,0.807253,0.883447
492,Spectrogram 1,10,67270.034,67271.3647,77.48538012,185.6725146,0.149382,0.583221
493,Spectrogram 1,10,67296.37077,67297.62754,74.56140351,223.6842105,0.807812,0.714755
494,Spectrogram 1,10,67351.42847,67352.75917,57.01754386,267.5438596,0.137413,0.215595
495,Spectrogram 1,10,67384.30784,67385.41676,97.95321637,214.9122807,0.864239,0.873462
496,Spectrogram 1,10,67401.47757,67402.95612,71.6374269,238.3040936,0.282587,0.293974
497,Spectrogram 1,10,67901.52497,67903.41013,65.78947368,250,1.712941,0.917337
498,Spectrogram 1,10,68037.84777,68039.17847,48.24561404,156.4327485,-0.038499,0.446637
499,Spectrogram 1,10,68065.25649,68066.51326,62.86549708,223.6842105,1.209371,0.845965
500,Spectrogram 1,10,68110.42635,68111.64616,71.6374269,238.3040936,0.017418,0.408215
501,Spectrogram 1,10,68471.63742,68472.63544,62.86549708,220.7602339,3.361568,2.575901
502,Spectrogram 1,10,68531.09382,68532.35059,71.6374269,238.3040936,0.743206,1.248212
503,Spectrogram 1,10,68601.60243,68602.8592,71.6374269,211.9883041,1.418433,1.446343
504,Spectrogram 1,10,68644.49901,68645.34918,86.25730994,223.6842105,2.01748,1.754532
505,Spectrogram 1,10,68734.28428,68734.91267,62.86549708,203.2163743,1.900447,2.225551
506,Spectrogram 1,10,68749.69822,68750.80714,59.94152047,197.3684211,1.342731,1.395082
507,Spectrogram 1,10,68796.34664,68797.3077,89.18128655,203.2163743,1.354423,1.257226
508,Spectrogram 1,10,68925.35059,68926.42255,65.78947368,200.2923977,0.824398,1.519737
509,Spectrogram 1,10,68993.75226,68995.00903,83.33333333,194.4444444,0.213331,0.315945
510,Spectrogram 1,10,69001.51467,69002.69752,77.48538012,197.3684211,1.81941,1.87958
511,Spectrogram 1,10,69031.39997,69032.43496,74.56140351,185.6725146,0.688437,0.853298
512,Spectrogram 1,10,69067.55065,69068.69653,95.02923977,241.2280702,1.653857,1.728963
513,Spectrogram 1,10,69081.48603,69082.48406,103.8011696,244.1520468,0.527569,1.235215
514,Spectrogram 1,10,69093.27751,69094.42339,68.71345029,179.8245614,1.176303,1.93542
515,Spectrogram 1,10,69101.90858,69102.9066,89.18128655,203.2163743,1.024846,0.831287
516,Spectrogram 1,10,69110.63205,69111.44526,74.56140351,191.5204678,1.808271,1.354949
517,Spectrogram 1,10,69138.00381,69139.37147,92.10526316,244.1520468,1.218803,1.626277
518,Spectrogram 1,10,69217.95669,69218.88078,77.48538012,238.3040936,-0.077433,1.253529
519,Spectrogram 1,10,69240.67099,69242.07562,62.86549708,176.9005848,-0.054816,0.659368
520,Spectrogram 1,10,69261.77737,69262.7754,97.95321637,238.3040936,2.379,1.807944
521,Spectrogram 1,10,69286.59862,69287.89235,77.48538012,182.748538,0.35334,0.922006
522,Spectrogram 1,10,69296.30164,69297.44752,68.71345029,209.0643275,2.362862,2.25431
523,Spectrogram 1,10,69339.2167,69340.5474,62.86549708,171.0526316,1.037122,0.470677
524,Spectrogram 1,10,69356.07223,69357.10722,65.78947368,168.128655,1.058502,0.901543
525,Spectrogram 1,10,69358.7706,69359.62077,80.40935673,182.748538,1.605891,1.196416
526,Spectrogram 1,10,69378.97136,69380.44992,59.94152047,179.8245614,0.173639,3.285614
527,Spectrogram 1,10,69432.0515,69433.16041,68.71345029,241.2280702,1.383827,1.675326
528,Spectrogram 1,10,69461.8259,69462.67607,115.497076,229.5321637,2.35518,2.366485
529,Spectrogram 1,10,69468.83056,69469.79162,51.16959064,179.8245614,-11.949768,1.922486
530,Spectrogram 1,10,69474.33818,69475.11442,127.1929825,235.380117,1.072041,1.013672
531,Spectrogram 1,10,69514.07435,69515.18327,74.56140351,191.5204678,1.450039,1.202285
532,Spectrogram 1,10,69582.60539,69583.8252,83.33333333,235.380117,1.360978,1.544676
533,Spectrogram 1,10,69606.76129,69608.3877,51.16959064,200.2923977,0.5432,0.367401
534,Spectrogram 1,10,69664.73914,69665.73716,83.33333333,197.3684211,1.987368,2.470904
535,Spectrogram 1,10,69726.98631,69727.94738,74.56140351,203.2163743,2.682996,2.886953
536,Spectrogram 1,10,69771.71261,69772.85849,77.48538012,156.4327485,1.542378,1.756013
537,Spectrogram 1,10,69803.07647,69804.33324,57.01754386,203.2163743,1.628973,1.893174
538,Spectrogram 1,10,69874.69399,69875.95076,83.33333333,162.2807018,1.912467,1.580267
539,Spectrogram 1,10,69919.78993,69920.71402,89.18128655,176.9005848,-0.574953,2.836284
540,Spectrogram 1,10,69949.41648,69950.67325,80.40935673,244.1520468,2.088339,2.094234
541,Spectrogram 1,10,69966.03174,69967.06673,100.877193,250,1.473844,1.557093
542,Spectrogram 1,10,69991.96191,69993.44046,57.01754386,179.8245614,0.862083,0.626886
543,Spectrogram 1,10,70006.43327,70007.50522,45.32163743,171.0526316,0.787565,1.533072
545,Spectrogram 1,10,70236.84763,70237.95655,103.8011696,247.0760234,2.182127,2.497685
546,Spectrogram 1,10,70288.85581,70289.77991,92.10526316,209.0643275,2.001823,1.907424
547,Spectrogram 1,10,70318.74111,70319.99788,83.33333333,250,2.297546,2.185956
548,Spectrogram 1,10,70345.18877,70346.26072,86.25730994,238.3040936,0.434487,0.790174
549,Spectrogram 1,10,70358.99478,70360.21459,77.48538012,217.8362573,1.029907,1.404127
550,Spectrogram 1,10,70392.05897,70393.09396,83.33333333,235.380117,2.732604,2.58525
551,Spectrogram 1,10,70477.40858,70478.96106,77.48538012,255.8479532,1.904336,1.745253
552,Spectrogram 1,10,70508.55065,70510.69455,83.33333333,241.2280702,0.833414,0.871938
553,Spectrogram 1,10,70519.28866,70520.17579,74.56140351,223.6842105,1.883974,1.748951
554,Spectrogram 1,10,70532.59565,70533.3719,97.95321637,214.9122807,2.498522,2.468139
555,Spectrogram 1,10,70579.20711,70580.6487,71.6374269,214.9122807,0.677198,1.108392
556,Spectrogram 1,10,70609.53598,70610.49704,74.56140351,214.9122807,3.249684,3.54344
557,Spectrogram 1,10,70663.76199,70664.9818,80.40935673,203.2163743,1.029237,1.402415
558,Spectrogram 1,10,70696.03146,70696.95556,92.10526316,194.4444444,2.269972,2.400617
559,Spectrogram 1,10,70739.03894,70740.55446,62.86549708,223.6842105,3.19126,2.80405
560,Spectrogram 1,10,70714.45796,70716.60186,95.02923977,235.380117,0.837812,0.018736
561,Spectrogram 1,10,70759.35059,70760.75522,54.09356725,182.748538,1.354757,1.447779
562,Spectrogram 1,10,70823.46445,70824.79515,62.86549708,276.3157895,4.52824,4.269366
563,Spectrogram 1,10,70852.64743,70853.75635,62.86549708,217.8362573,2.447683,2.377364
564,Spectrogram 1,10,70868.81913,70870.26072,86.25730994,203.2163743,0.881866,1.140313
565,Spectrogram 1,10,70913.989,70915.2088,103.8011696,229.5321637,0.479576,0.162646
566,Spectrogram 1,10,71331.84721,71333.36273,48.24561404,173.9766082,1.230274,1.48779
567,Spectrogram 1,10,71491.82689,71493.15759,77.48538012,214.9122807,1.834263,1.808616
569,Spectrogram 1,10,72106.03725,72107.36795,95.02923977,214.9122807,0.731808,1.076054
570,Spectrogram 1,10,72155.67974,72157.41704,86.25730994,288.0116959,0.717532,-0.098788
571,Spectrogram 1,10,72360.18242,72361.69794,95.02923977,197.3684211,0.884736,0.722072
572,Spectrogram 1,10,72364.58112,72365.80093,59.94152047,197.3684211,0.800642,1.384434
573,Spectrogram 1,10,72632.92043,72634.36202,59.94152047,214.9122807,0.661466,0.497843
574,Spectrogram 1,10,72697.27455,72698.53132,57.01754386,200.2923977,2.459453,1.935195
575,Spectrogram 1,10,72962.10229,72963.46995,71.6374269,247.0760234,1.361907,1.856269
576,Spectrogram 1,10,72985.29712,72986.51693,80.40935673,173.9766082,1.031696,1.651872
577,Spectrogram 1,10,73137.58832,73139.39955,57.01754386,214.9122807,0.410574,0.500593
578,Spectrogram 1,10,73350.03823,73351.36893,65.78947368,197.3684211,1.418933,0.763729
579,Spectrogram 1,10,73390.68002,73392.12161,54.09356725,235.380117,0.980574,1.791506
580,Spectrogram 1,10,73441.19117,73442.30008,62.86549708,209.0643275,1.882579,2.08062
581,Spectrogram 1,10,73469.26524,73470.52201,86.25730994,211.9883041,0.815287,1.900701
582,Spectrogram 1,10,73717.69949,73719.21501,100.877193,247.0760234,3.091915,3.03512
583,Spectrogram 1,10,73931.35073,73932.38572,59.94152047,165.2046784,1.974482,2.190646
584,Spectrogram 1,10,74013.74323,74015.22178,86.25730994,200.2923977,2.697696,3.398422
585,Spectrogram 1,10,74038.86019,74040.11696,71.6374269,226.6081871,0.681579,1.508546
586,Spectrogram 1,10,74322.90914,74324.12895,74.56140351,276.3157895,4.450645,4.444625
587,Spectrogram 1,10,74356.02878,74356.98984,89.18128655,188.5964912,0.612303,0.783334
588,Spectrogram 1,10,74640.96487,74641.88897,77.48538012,191.5204678,0.915604,2.09146
589,Spectrogram 1,10,74828.26086,74829.11103,65.78947368,203.2163743,5.411069,4.865413
590,Spectrogram 1,10,74863.41352,74864.81814,83.33333333,232.4561404,1.802328,1.915071
591,Spectrogram 1,10,74975.82068,74976.74478,92.10526316,226.6081871,4.055797,3.996898
592,Spectrogram 1,10,75113.28936,75114.62006,80.40935673,188.5964912,3.593433,3.347277
593,Spectrogram 1,10,75248.41084,75249.85243,71.6374269,179.8245614,-0.632125,0.22686
594,Spectrogram 1,10,75300.19723,75301.71275,83.33333333,171.0526316,-0.707797,1.745793
595,Spectrogram 1,10,75335.75649,75336.9763,72.33502538,201.7766497,1.845331,2.414424
596,Spectrogram 1,10,75709.99732,75711.5498,54.56852792,229.6954315,3.680313,4.145111
597,Spectrogram 1,10,75736.70372,75737.99746,82.48730964,237.3096447,4.665375,5.120041
598,Spectrogram 1,10,75799.00635,75800.26312,79.94923858,171.319797,2.30581,2.580155
599,Spectrogram 1,10,75818.7081,75819.74309,54.56852792,181.4720812,4.721767,4.624068
600,Spectrogram 1,10,75856.89179,75858.03767,87.56345178,191.6243655,0.050064,1.396468
601,Spectrogram 1,10,75874.43115,75876.16845,79.94923858,239.8477157,-2.292601,1.312728
602,Spectrogram 1,10,75921.7634,75922.6875,72.33502538,257.6142132,3.902231,4.429026
603,Spectrogram 1,10,75946.36287,75947.28696,67.25888325,239.8477157,5.716358,6.058959
604,Spectrogram 1,10,75983.84424,75984.69441,72.33502538,178.9340102,5.503978,5.827781
605,Spectrogram 1,10,76011.36385,76012.50973,105.3299492,217.0050761,4.079797,3.448176
606,Spectrogram 1,10,76048.47559,76049.58451,107.8680203,224.6192893,1.992396,5.525669
607,Spectrogram 1,10,76052.02413,76053.2809,77.41116751,204.3147208,7.563557,8.252586
608,Spectrogram 1,10,76085.23617,76086.75169,46.95431472,217.0050761,0.731168,0.720552
609,Spectrogram 1,10,76094.79134,76096.34382,72.33502538,242.3857868,2.718656,2.665582
610,Spectrogram 1,10,76102.47983,76103.77356,90.10152284,234.7715736,0.70838,0.749047
611,Spectrogram 1,10,76120.42579,76121.71953,74.87309645,211.928934,2.843648,2.933134
612,Spectrogram 1,10,76137.5031,76138.79684,57.10659898,140.8629442,0.562968,1.366494
613,Spectrogram 1,10,76145.09918,76145.83846,82.48730964,178.9340102,1.873856,1.887188
614,Spectrogram 1,10,76146.6147,76147.79755,62.18274112,191.6243655,-0.962632,0.3563
615,Spectrogram 1,10,76209.15759,76210.45133,90.10152284,191.6243655,6.07428,6.045065
616,Spectrogram 1,10,76247.5261,76248.93073,54.56852792,178.9340102,2.869609,3.069326
617,Spectrogram 1,10,76320.17861,76321.25056,92.63959391,189.0862944,-0.705027,1.387792
618,Spectrogram 1,10,76426.5237,76427.89137,77.41116751,199.2385787,1.382591,1.586714
619,Spectrogram 1,10,76418.02201,76419.42664,79.94923858,201.7766497,-7.315399,2.67104
620,Spectrogram 1,10,76458.44201,76459.9945,92.63959391,189.0862944,4.217976,4.396037
621,Spectrogram 1,10,76464.96614,76466.25988,95.17766497,178.9340102,4.521497,4.528336
622,Spectrogram 1,10,76706.28485,76707.83733,82.48730964,257.6142132,-7.473405,3.53327
623,Spectrogram 1,10,76970.44723,76971.4083,97.71573604,227.1573604,-10.566365,3.362833
624,Spectrogram 1,10,77095.79176,77097.41817,82.48730964,244.9238579,3.250667,2.977772
625,Spectrogram 1,10,77145.12006,77146.37683,64.72081218,173.857868,2.912803,3.042734
626,Spectrogram 1,10,77698.26608,77699.85553,72.33502538,173.857868,10.586513,10.734591
627,Spectrogram 1,10,78066.00127,78067.29501,100.2538071,211.928934,1.183717,1.085166
628,Spectrogram 1,10,79453.45909,79454.53104,74.87309645,171.319797,0.813624,0.795044
629,Spectrogram 1,10,80345.989,80347.17184,82.48730964,206.8527919,2.45151,2.755272
630,Spectrogram 1,10,80397.11005,80398.66253,95.17766497,194.1624365,2.28622,2.379799
631,Spectrogram 1,10,80379.94032,80381.34495,125.6345178,217.0050761,2.586217,1.664927
632,Spectrogram 1,10,80451.40999,80452.44498,110.4060914,201.7766497,1.44103,2.650812
633,Spectrogram 1,10,80536.81504,80538.25663,87.56345178,232.2335025,-2.136382,3.015991
634,Spectrogram 1,10,80571.52413,80572.59608,74.87309645,222.0812183,2.281188,1.95051
635,Spectrogram 1,10,80566.9406,80568.45612,64.72081218,186.5482234,3.661604,2.590387
636,Spectrogram 1,10,80744.82929,80746.23392,95.17766497,224.6192893,0.988687,1.079586
637,Spectrogram 1,10,80761.51848,80762.59043,115.4822335,219.5431472,-5.82988,2.839365
638,Spectrogram 1,10,80908.70866,80910.0024,135.786802,308.3756345,-1.929745,0.955531
639,Spectrogram 1,10,81050.96416,81052.14701,90.10152284,204.3147208,-5.128206,2.793276
640,Spectrogram 1,10,81071.60849,81072.97616,92.63959391,267.7664975,0.145816,1.997613
641,Spectrogram 1,10,81109.31165,81110.53146,97.71573604,214.4670051,1.159028,1.268658
642,Spectrogram 1,10,81148.51185,81149.5838,85.02538071,252.5380711,12.179031,12.766704
643,Spectrogram 1,10,81175.56941,81177.011,112.9441624,209.3908629,-18.977157,0.904274
644,Spectrogram 1,10,81231.50832,81232.70973,86.41975309,239.5061728,6.096866,6.477562
645,Spectrogram 1,10,81249.3225,81250.82788,85.9375,275.3807107,-7.433969,1.705305
646,Spectrogram 1,10,81256.9454,81258.57181,102.7918782,229.6954315,3.739535,3.668092
647,Spectrogram 1,10,81276.20461,81277.38799,103.1267556,219.7530864,9.259686,9.855873
648,Spectrogram 1,10,81286.12839,81287.20034,120.5583756,232.2335025,1.298537,1.177526
649,Spectrogram 1,10,81341.05672,81342.23956,87.56345178,204.3147208,-10.177104,4.238605
650,Spectrogram 1,10,81463.27779,81464.4976,123.0964467,239.8477157,-6.056646,1.26596
651,Spectrogram 1,10,81487.54458,81488.91225,87.56345178,227.1573604,4.986428,5.434603
652,Spectrogram 1,10,81558.01622,81559.23603,138.3248731,257.6142132,1.500925,1.470792
653,Spectrogram 1,10,81562.85849,81564.30008,107.8680203,234.7715736,2.770979,2.530818
654,Spectrogram 1,10,81584.57477,81585.42494,102.7918782,194.1624365,4.635217,4.223558
655,Spectrogram 1,10,81587.97545,81589.45401,90.10152284,247.4619289,5.248882,5.169953
656,Spectrogram 1,10,81739.41648,81741.04289,90.10152284,247.4619289,4.010711,3.652227
657,Spectrogram 1,10,81744.2033,81745.60793,95.17766497,234.7715736,0.828736,1.514735
658,Spectrogram 1,10,81762.98095,81764.07139,112.9441624,217.0050761,1.827513,2.027878
659,Spectrogram 1,10,81796.76594,81797.91182,97.71573604,234.7715736,-2.087648,0.484284
660,Spectrogram 1,10,81974.76552,81975.94836,102.7918782,234.7715736,5.280436,5.320134
661,Spectrogram 1,10,82010.1954,82011.45217,82.48730964,247.4619289,6.074826,6.334335
662,Spectrogram 1,10,82038.43581,82039.95133,97.71573604,229.6954315,11.664616,12.451399
663,Spectrogram 1,10,82114.78471,82116.11541,74.87309645,184.0101523,3.840597,4.073882
664,Spectrogram 1,10,82169.82393,82171.37641,102.7918782,250,1.183854,3.945404
665,Spectrogram 1,10,82241.66323,82242.69822,120.5583756,257.6142132,2.45485,2.255098
666,Spectrogram 1,10,82290.75127,82292.1559,92.63959391,250,3.188097,3.047959
667,Spectrogram 1,10,82296.51764,82297.73744,102.7918782,244.9238579,6.897397,7.143136
668,Spectrogram 1,10,82403.45415,82404.48914,82.48730964,171.319797,1.894033,1.668135
669,Spectrogram 1,10,82413.00931,82414.56179,97.71573604,178.9340102,4.559043,4.796355
670,Spectrogram 1,10,82440.38107,82441.30516,120.5583756,250,-2.906807,4.787278
671,Spectrogram 1,10,82474.48025,82475.77398,110.4060914,237.3096447,10.966008,10.666086
672,Spectrogram 1,10,82484.44201,82485.51397,135.786802,247.4619289,-8.44984,2.790676
673,Spectrogram 1,10,82548.38953,82549.7572,102.7918782,199.2385787,14.992479,15.497963
674,Spectrogram 1,10,82578.90322,82579.97517,120.5583756,234.7715736,-7.897981,9.180002
675,Spectrogram 1,10,82588.19963,82589.60426,97.71573604,252.5380711,-5.466591,1.921725
676,Spectrogram 1,10,82693.69455,82694.95133,97.71573604,204.3147208,9.894622,16.529723
677,Spectrogram 1,10,83299.69893,83301.10356,95.17766497,275.3807107,4.959274,4.983909
678,Spectrogram 1,10,83369.35736,83370.94681,92.63959391,214.4670051,2.594845,2.397499
679,Spectrogram 1,10,83391.36936,83392.99577,107.8680203,267.7664975,1.027464,1.948966
680,Spectrogram 1,10,83454.9842,83456.53668,97.71573604,310.9137056,2.552196,2.974704
681,Spectrogram 1,10,83561.90223,83563.23293,92.63959391,209.3908629,-3.63508,2.040251
682,Spectrogram 1,10,83578.42508,83579.64489,92.63959391,219.5431472,0.874815,1.168538
683,Spectrogram 1,10,83611.50776,83613.06024,74.87309645,204.3147208,-1.60509,1.70708
684,Spectrogram 1,10,83701.49633,83702.56828,120.5583756,217.0050761,1.270229,1.422749
685,Spectrogram 1,10,83782.8908,83784.33239,100.2538071,260.1522843,9.728437,9.446922
686,Spectrogram 1,10,83792.05784,83793.35158,95.17766497,234.7715736,1.880418,4.244898
687,Spectrogram 1,10,83818.80121,83820.13191,90.10152284,247.4619289,4.642332,5.01022
688,Spectrogram 1,10,83842.92015,83844.50959,92.63959391,227.1573604,8.927495,9.148326
689,Spectrogram 1,10,83851.27398,83852.3829,97.71573604,194.1624365,8.674725,8.498548
690,Spectrogram 1,10,83959.10687,83960.9181,107.8680203,270.3045685,4.788061,5.237484
691,Spectrogram 1,10,83980.61985,83981.80269,95.17766497,191.6243655,8.445739,9.185866
692,Spectrogram 1,10,84011.29987,84013.14807,69.79695431,214.4670051,-8.993253,2.655115
693,Spectrogram 1,10,84005.08994,84006.23582,95.17766497,204.3147208,0.04262,-0.284657
694,Spectrogram 1,10,84021.05834,84022.64778,102.7918782,255.0761421,7.169044,6.980499
695,Spectrogram 1,10,84027.71184,84029.00557,100.2538071,229.6954315,3.843198,3.959539
696,Spectrogram 1,10,84092.97157,84094.33924,90.10152284,237.3096447,12.327049,12.580284
697,Spectrogram 1,10,84099.77293,84101.10363,97.71573604,204.3147208,6.373891,6.698434
698,Spectrogram 1,10,84120.56511,84121.85885,123.0964467,209.3908629,2.186958,3.481337
699,Spectrogram 1,10,84129.56582,84131.1183,82.48730964,282.9949239,4.778104,4.70639
700,Spectrogram 1,10,84142.9837,84144.38833,92.63959391,250,6.964436,6.913494
701,Spectrogram 1,10,84213.56624,84214.97087,90.10152284,224.6192893,7.286924,8.150142
702,Spectrogram 1,10,84254.00473,84255.44632,79.94923858,328.680203,8.66594,8.476266
703,Spectrogram 1,10,84263.2457,84264.20676,120.5583756,244.9238579,2.249935,2.318312
704,Spectrogram 1,10,84313.59051,84314.84728,105.3299492,234.7715736,5.242853,5.157293
705,Spectrogram 1,10,84324.08825,84325.30806,123.0964467,247.4619289,0.175982,2.977732
706,Spectrogram 1,10,84352.36562,84353.36364,118.0203046,255.0761421,3.299421,3.345813
707,Spectrogram 1,10,84373.32414,84374.39609,67.25888325,171.319797,2.797496,2.637274
708,Spectrogram 1,10,84377.18687,84378.36971,74.87309645,224.6192893,7.855751,7.982444
709,Spectrogram 1,10,84413.06031,84415.0194,72.33502538,257.6142132,4.314546,3.508634
710,Spectrogram 1,10,84448.34234,84449.34036,90.10152284,211.928934,4.163059,4.227963
711,Spectrogram 1,10,84424.57456,84425.68348,87.56345178,196.7005076,2.751642,2.607811
712,Spectrogram 1,10,84472.01771,84473.79197,95.17766497,199.2385787,3.990403,4.477563
713,Spectrogram 1,10,84458.52589,84460.04141,79.94923858,196.7005076,-14.383445,1.630602
714,Spectrogram 1,10,84504.3611,84505.39609,95.17766497,239.8477157,2.151618,5.675823
715,Spectrogram 1,10,84511.12549,84512.60405,100.2538071,267.7664975,5.872415,5.169964
716,Spectrogram 1,10,84506.83768,84507.76178,87.56345178,234.7715736,1.732636,1.627721
717,Spectrogram 1,10,84563.7251,84565.12973,120.5583756,313.4517766,4.582507,4.334825
718,Spectrogram 1,10,84582.74302,84583.63015,151.0152284,242.3857868,3.512946,7.667901
719,Spectrogram 1,10,84598.2124,84599.43221,100.2538071,262.6903553,6.075387,6.531815
720,Spectrogram 1,10,84613.73723,84614.92008,112.9441624,255.0761421,3.876955,3.722207
721,Spectrogram 1,10,84641.8113,84642.92022,95.17766497,234.7715736,8.027619,8.193245
722,Spectrogram 1,10,84652.21663,84653.95394,128.1725888,308.3756345,1.560173,1.57185
723,Spectrogram 1,10,84689.71649,84690.9363,67.25888325,166.2436548,8.413972,8.54413
724,Spectrogram 1,10,84750.09699,84751.76037,92.63959391,199.2385787,4.353475,4.477822
725,Spectrogram 1,10,84758.08119,84759.37493,115.4822335,295.6852792,2.731636,2.665268
726,Spectrogram 1,10,84773.84629,84774.77039,120.5583756,242.3857868,4.039894,3.831708
727,Spectrogram 1,10,84825.55876,84826.66768,105.3299492,250,4.476234,4.784654
729,Spectrogram 1,10,84833.57992,84834.79973,87.56345178,171.319797,4.017369,3.880511
730,Spectrogram 1,10,85005.14778,85006.62634,67.25888325,214.4670051,0.902357,0.91436
731,Spectrogram 1,10,85012.20789,85013.46466,95.17766497,189.0862944,1.582872,1.625575
732,Spectrogram 1,10,85102.47369,85103.73046,92.63959391,242.3857868,3.830104,4.361533
733,Spectrogram 1,10,85141.50755,85142.35772,105.3299492,219.5431472,1.969496,1.651352
734,Spectrogram 1,10,85149.41782,85150.48977,95.17766497,234.7715736,2.980973,4.144432
735,Spectrogram 1,10,85159.91556,85160.91359,87.56345178,224.6192893,2.311449,1.660362
736,Spectrogram 1,10,85178.37902,85179.70972,90.10152284,237.3096447,3.285979,3.03872
737,Spectrogram 1,10,85238.05721,85239.12916,118.0203046,257.6142132,4.085878,4.269283
738,Spectrogram 1,10,85243.04733,85244.30411,118.0203046,252.5380711,0.921458,2.052002
740,Spectrogram 1,10,85304.86943,85306.1262,92.63959391,242.3857868,1.808358,0.808516
741,Spectrogram 1,10,85336.8247,85338.2663,123.0964467,262.6903553,-7.613649,1.452457
742,Spectrogram 1,10,85566.7955,85568.16316,105.3299492,232.2335025,1.620773,2.189864
743,Spectrogram 1,10,85619.43207,85620.68884,105.3299492,257.6142132,-4.917852,3.818329
744,Spectrogram 1,10,85662.01446,85664.26926,92.63959391,232.2335025,4.139594,4.142794
745,Spectrogram 1,10,85669.0376,85670.66401,72.33502538,239.8477157,3.329363,3.052863
746,Spectrogram 1,10,85701.89849,85703.63579,85.02538071,217.0050761,2.945544,2.734085
747,Spectrogram 1,10,85712.50712,85713.87479,79.94923858,204.3147208,3.02499,3.042116
748,Spectrogram 1,10,85746.42149,85747.41951,74.87309645,209.3908629,2.419731,2.738669
749,Spectrogram 1,10,85761.37338,85762.48229,64.72081218,224.6192893,2.751011,3.192919
750,Spectrogram 1,10,85771.53845,85772.46254,92.63959391,163.7055838,1.032315,1.313007
751,Spectrogram 1,10,85826.63311,85828.00078,92.63959391,214.4670051,0.903281,0.684936
752,Spectrogram 1,10,85843.71043,85845.41076,97.71573604,211.928934,2.409524,2.046505
753,Spectrogram 1,10,85799.55707,85801.18348,100.2538071,250,2.601758,3.49214
754,Spectrogram 1,10,85854.4854,85855.8161,77.41116751,239.8477157,1.677337,2.024792
755,Spectrogram 1,10,85874.87098,85876.57132,54.56852792,242.3857868,3.412418,3.120908
756,Spectrogram 1,10,85888.65851,85889.87832,87.56345178,219.5431472,1.51744,1.723544
757,Spectrogram 1,10,85908.78534,85910.30086,95.17766497,211.928934,2.757936,3.055343
758,Spectrogram 1,10,85950.11096,85951.58952,90.10152284,229.6954315,3.038159,3.12613
759,Spectrogram 1,10,85993.34022,85994.63396,95.17766497,255.0761421,-3.107829,2.267109
760,Spectrogram 1,10,85994.70789,85995.85377,74.87309645,201.7766497,5.699915,7.019363
761,Spectrogram 1,10,86064.95775,86066.28845,79.94923858,184.0101523,3.067646,3.498316
762,Spectrogram 1,10,86039.85927,86041.6705,100.2538071,239.8477157,1.569496,2.130974
763,Spectrogram 1,10,86074.77166,86076.13932,72.33502538,232.2335025,2.684774,3.104704
764,Spectrogram 1,10,86079.68785,86081.01855,57.10659898,194.1624365,2.401793,1.784043
765,Spectrogram 1,10,86092.40343,86094.02984,74.87309645,209.3908629,1.26468,1.42417
766,Spectrogram 1,10,86100.96057,86102.40216,79.94923858,214.4670051,5.474418,5.114636
767,Spectrogram 1,10,86139.79113,86141.6578,97.71573604,214.4670051,5.543472,6.35425
768,Spectrogram 1,10,86145.02152,86145.8532,85.02538071,209.3908629,1.659516,1.697119
769,Spectrogram 1,10,86178.01178,86179.30552,69.79695431,184.0101523,5.351312,5.61504
770,Spectrogram 1,10,86170.17544,86171.69096,46.95431472,186.5482234,0.760808,0.1619
771,Spectrogram 1,10,86223.77307,86225.21466,77.41116751,217.0050761,1.515783,1.453747
772,Spectrogram 1,10,86300.49161,86301.63749,52.03045685,209.3908629,5.055918,6.734171
773,Spectrogram 1,10,86312.87451,86314.09431,82.48730964,222.0812183,1.390166,0.701055
774,Spectrogram 1,10,684.3815616,686.7169537,14.286,421.429,,
775,Spectrogram 1,10,344.9638863,346.3112278,8.969,251.121,,
776,Spectrogram 1,10,358.2764937,359.646291,40.359,318.386,,
777,Spectrogram 1,10,3927.876165,3930.548392,30.612,214.286,,
778,Spectrogram 1,10,5357.309107,5359.817922,56.962,265.823,,
779,Spectrogram 1,10,5457.993275,5460.406818,17.937,251.121,,
780,Spectrogram 1,10,5764.880736,5766.214536,58.296,228.7,,
781,Spectrogram 1,10,6179.541826,6181.256712,0,336.735,,
782,Spectrogram 1,10,6416.43193,6419.194801,53.812,385.65,,
783,Spectrogram 1,10,6627.28285,6628.743678,57.143,250,,
784,Spectrogram 1,10,6954.484236,6956.421422,21.429,307.143,,
785,Spectrogram 1,10,9636.463333,9637.583478,25.157,301.887,,
786,Spectrogram 1,10,14079.954,14082.53647,67.857,253.571,,
787,Spectrogram 1,10,16249.20933,16251.00784,57.143,257.143,,
788,Spectrogram 1,10,17798.93083,17800.62648,39.286,203.571,,
789,Spectrogram 1,10,20193.79566,20196.79565,78.571,185.714,,
790,Spectrogram 1,10,21145.78693,21148.46084,85.714,196.429,,
791,Spectrogram 1,10,21330.25652,21332.8,85.714,239.286,,
792,Spectrogram 1,10,21744.60606,21746.23649,75.61,217.073,,
793,Spectrogram 1,10,21749.36691,21752.10604,85.366,221.951,,
794,Spectrogram 1,10,22390.75652,22393.49565,75.61,268.293,,
795,Spectrogram 1,10,32877.04783,32879.33043,66.929,287.402,,
798,Spectrogram 1,10,34801.22169,34804.41733,70.866,251.969,,
799,Spectrogram 1,10,35305.27821,35308.01734,70.866,291.339,,
800,Spectrogram 1,10,35616.37826,35618.26956,62.992,188.976,,
801,Spectrogram 1,10,36913.76957,36916.76956,59.055,236.22,,
802,Spectrogram 1,10,36980.62125,36984.5995,92.683,285.366,,
803,Spectrogram 1,10,37480.0193,37483.52408,74.803,255.906,,
804,Spectrogram 1,10,39689.28226,39695.09282,78.74,248.031,,
805,Spectrogram 1,10,53743.24354,53744.99593,66.929,236.22,,
806,Spectrogram 1,10,54539.61753,54541.34579,27.808,210.543,,
807,Spectrogram 1,10,59427.9587,59430.9913,43.698,238.351,,
808,Spectrogram 1,10,62746.99131,62749.86086,39.284,235.702,,
809,Spectrogram 1,10,66424.73696,66425.45435,91.662,231.337,,
810,Spectrogram 1,10,67437.45,67438.75435,65.473,266.256,,
811,Spectrogram 1,10,67502.15,67503.74782,0,253.162,,
812,Spectrogram 1,10,68764.21739,68765.71739,74.203,292.445,,
813,Spectrogram 1,10,68834.91087,68835.92174,48.013,288.081,,
814,Spectrogram 1,10,71058.41305,71059.58695,61.108,292.445,,
815,Spectrogram 1,10,73335.10217,73336.24348,42.557,265.165,,
816,Spectrogram 1,10,73490.81305,73492.01956,45.831,274.986,,
817,Spectrogram 1,10,74778.5087,74779.45435,94.743,210.283,,
818,Spectrogram 1,10,75310.29128,75311.62823,92.432,265.743,,
819,Spectrogram 1,10,81959.40652,81960.45,56.743,292.445,,
